                  epoch,         train/box_loss,         train/cls_loss,         train/dfl_loss,   metrics/precision(B),      metrics/recall(B),       metrics/mAP50(B),    metrics/mAP50-95(B),           val/box_loss,           val/cls_loss,           val/dfl_loss,                 lr/pg0,                 lr/pg1,                 lr/pg2
                      1,                 3.1106,                 4.2064,                 4.2374,                0.00429,                0.84995,                0.01457,                0.00421,                 3.0518,                 4.2515,                 4.1548,              0.0001625,              0.0001625,              0.0001625
                      2,                 3.1358,                 4.1275,                  4.188,                0.00414,                0.85249,                0.01929,                0.00554,                 3.0302,                 4.2425,                 4.1385,             0.00027068,             0.00027068,             0.00027068
                      3,                 3.1722,                 4.0938,                 4.1616,                0.00403,                0.84336,                0.05311,                0.01312,                 2.9671,                 4.2103,                 4.0958,             0.00030955,             0.00030955,             0.00030955
                      4,                 3.1187,                 4.0078,                 4.1256,                0.00401,                0.85223,                0.03458,                0.00927,                 2.8639,                  4.157,                 4.0223,             0.00027913,             0.00027913,             0.00027913
                      5,                 3.0641,                 4.0102,                 4.1004,                 0.0041,                0.85904,                0.04481,                0.01086,                  2.796,                  4.122,                 3.9723,              0.0001794,              0.0001794,              0.0001794
